epoch,best_epoch,best_confidence,loss,confidence
632,632,0.16510291397571564,0.16906331479549408,0.16510291397571564
